Accuracy,Precision,Recall,F1-Score,Loss
0.8025316455696202,0.6580027359781122,0.8858195211786372,0.7551020408163266,0.003969763412723155
