Accuracy,Precision,Recall,F1-Score
0.816888045540797,0.7015043547110056,0.8143382352941176,0.7537218205019142
