learning_rate,batch_size,num_epoch,optimizer,fitness_value,accuracy,precision,recall,f1,evaluation
0.00171,1,1,3,0.15133919695953468,0.7947501581277673,0.6488135593220339,0.8795955882352942,0.7467811158798283,0.7818527920941477
0.0099,1,1,2,0.15172135010414758,0.8228969006957622,0.7085308056872038,0.8244485294117647,0.7621070518266779,0.783567000364968
0.00546,1,1,3,0.1172555863257634,0.3462998102466793,0.3413290113452188,0.9678308823529412,0.5046728971962617,0.624249013078986
0.00469,1,2,2,0.1506270653879697,0.7915876027830487,0.6450304259634888,0.8768382352941176,0.7432800934943513,0.7786553755261838
0.00186,1,2,2,0.15008969953968992,0.7703984819734345,0.6124223602484472,0.90625,0.7309117865085248,0.7762400224816435
0.0099,1,3,3,0.1191281095616295,0.34187223276407336,0.34213036565977745,0.9889705882352942,0.5083864871249706,0.6331568392396192
0.00381,1,1,2,0.1532107385816466,0.8143580012650221,0.6816533720087019,0.8639705882352942,0.7620591811917308,0.7902370451619325
0.00186,1,3,2,0.1509537537995866,0.8127767235926628,0.6867469879518072,0.8382352941176471,0.7549668874172185,0.7801226728546062
