accuracy,precision,recall,f1,TP,TN,FP,FN
0.43529411764705883,0.40298507462686567,0.7714285714285715,0.5294117647058824,54,20,80,16
