accuracy,precision,recall,f1,TP,TN,FP,FN
0.4588235294117647,0.4153846153846154,0.7714285714285715,0.54,54,24,76,16
