accuracy,precision,recall,f1,TP,TN,FP,FN
0.45294117647058824,0.41843971631205673,0.8428571428571429,0.5592417061611374,59,18,82,11
