learning_rate,batch_size,num_epoch,optimizer,layer1,layer2,layer3,layer4,layer5,layer6,layer7,layer8,layer9,layer10,layer11,layer12,layer13,layer14,layer15,layer16,fitness_value,accuracy,precision,recall,f1,evaluation
0.00577,1.0,1.0,2.0,6.0,2.0,5,12.0,3,5.0,13,8.0,3.0,2.0,11.0,13,8,3.0,4.0,13.0,,0.8010752688172043,0.6628814762242725,0.8584558823529411,0.7480977172607127,0.7785287175007598
0.00218,2.0,2.0,2.0,4.0,7.0,1,4.0,8,2.0,1,8.0,3.0,2.0,11.0,2,7,3.0,4.0,13.0,,,,,,
0.00577,1.0,1.0,2.0,11.0,5.0,4,3.0,7,2.0,2,6.0,1.0,8.0,2.0,9,3,2.0,13.0,2.0,,,,,,
0.00966,1.0,2.0,1.0,9.0,5.0,13,6.0,2,2.0,4,11.0,13.0,6.0,2.0,7,2,1.0,8.0,3.0,,,,,,
0.00507,1.0,1.0,2.0,13.0,4.0,6,2.0,7,4.0,5,1.0,11.0,5.0,11.0,2,6,1.0,12.0,9.0,,,,,,
0.00218,1.0,1.0,2.0,4.0,9.0,3,13.0,3,7.0,3,5.0,7.0,5.0,13.0,2,3,6.0,2.0,8.0,,,,,,
0.00577,1.0,1.0,2.0,6.0,5.0,3,12.0,7,2.0,5,4.0,13.0,5.0,2.0,13,1,2.0,4.0,8.0,,,,,,
0.00577,1.0,2.0,3.0,2.0,4.0,9,2.0,12,9.0,2,6.0,5.0,9.0,3.0,6,4,3.0,13.0,7.0,,,,,,
